{
    "rmse": 0.6834631168841256,
    "mae": 0.5276997484943995,
    "r2": 0.3154156799399658
}