{
    "rmse": 0.6704172181619272,
    "mae": 0.5310168702724237,
    "r2": 0.30039128498335144
}